doc_id,order_id,doc_uid,type_id,status_id,created_at,validation_status,razon_invalido,product_ids
9,762670,"6836dd4a5699b",1,1,"2025-05-28 09:54:18","pending","Sin estado 27","38033"
10,762675,"6836e30a27619",4,1,"2025-05-28 10:18:50","pending","Sin estado 27","38033"
22,762922,"68397aa92f511",3,1,"2025-05-30 09:30:17","pending","Sin estado 27","69739"
25,763063,"683b21f589042",1,1,"2025-05-31 15:36:21","pending","Sin estado 27","68498|28534"
26,764281,"6845b313dc40c",1,1,"2025-06-08 15:58:11","pending","Sin estado 27","64673"
48,765430,"684fd2e3c4efe",4,1,"2025-06-16 08:16:35","pending","Sin estado 27","52236"
63,765703,"68519965bcf15",3,1,"2025-06-17 16:35:49","pending","Sin estado 27","58038"
122,767978,"68664ed935bcc",3,1,"2025-07-03 09:35:21","pending","Sin estado 27","12018"
145,768395,"686a57f24a20a",2,1,"2025-07-06 11:03:14","pending","Sin estado 27","59800|65112"
273,771054,"687fb6574e830",4,1,"2025-07-22 16:03:35","pending","Sin estado 27","75"
348,773544,"68944edae95f8",2,1,"2025-08-07 06:59:38","pending","Sin estado 27","48199|59783"
454,776317,"68adcd045f94b",3,1,"2025-08-26 15:04:36","pending","Sin estado 27","12021"
528,777238,"68b4c3866b5ed",3,1,"2025-08-31 21:49:58","pending","Sin estado 27","20441"
542,774999,"68a240a8114b5",2,1,"2025-08-17 20:50:48","pending","Sin estado 27","48003|63218|60953"
558,777698,"68b7e5582d32d",4,1,"2025-09-03 06:51:04","pending","Sin estado 27","65726"
562,777754,"68b83422ae97a",4,1,"2025-09-03 12:27:14","pending","Sin estado 27","24722|40025|13551|43079"
574,777891,"68b8cac820bbf",2,1,"2025-09-03 23:10:00","pending","Sin estado 27","59802|65112|65107|65548"
583,778026,"68b9fcec50979",3,1,"2025-09-04 20:56:12","pending","Sin estado 27","39857"
584,778034,"68ba0eb4abd46",4,1,"2025-09-04 22:12:04","pending","Sin estado 27","65726|13553|1889|282"
631,779221,"68c3350da5144",4,1,"2025-09-11 20:46:05","pending","Sin estado 27","43021|13553|51111"
654,779618,"68c72e2818f4a",2,1,"2025-09-14 21:05:44","pending","Sin estado 27","48200"
735,780944,"68d0c57309162",4,3,"2025-09-22 03:41:39","received","Sin estado 27","55248"
736,780967,"68d1034f2cb3d",4,1,"2025-09-22 08:05:35","pending","Sin estado 27","58742|63685"
750,781293,"68d28232932c1",4,1,"2025-09-23 11:19:14","pending","Sin estado 27","52211"
751,781331,"68d29e5064e1b",3,3,"2025-09-23 13:19:12","received","Sin estado 27","47763"
775,781723,"68d53e9b1cb49",2,1,"2025-09-25 13:07:39","pending","Sin estado 27","12030"
782,781909,"68d6c0764600c",2,3,"2025-09-26 16:33:58","received","Sin estado 27","48201"
789,782010,"68d7bb140a8b3",2,1,"2025-09-27 10:23:16","pending","Sin estado 27","65110|68125|47178"
791,782048,"68d7fcdba95ec",4,3,"2025-09-27 15:03:55","received","Sin estado 27","70321|43543|54014"
857,783517,"68e1c0bb9d2a4",2,1,"2025-10-05 00:50:03","pending","Sin estado 27","47986"
873,783947,"68e4c4cbdc082",1,1,"2025-10-07 07:44:11","pending","Sin estado 27","35338"
885,784287,"68e6917772b41",4,1,"2025-10-08 16:29:43","pending","Sin estado 27","55152"
900,784607,"68e905ebcecb4",2,3,"2025-10-10 13:11:07","received","Sin estado 27","59770"
901,784616,"68e90e51ab2e0",2,3,"2025-10-10 13:46:57","received","Sin estado 27","47986"
929,785463,"68efaf2873184",3,1,"2025-10-15 14:26:48","pending","Sin estado 27","56663"
931,785478,"68efbcd4eb4e7",3,1,"2025-10-15 15:25:08","pending","Sin estado 27","48199"
932,785510,"68efdef818600",3,1,"2025-10-15 17:50:48","pending","Sin estado 27","68169"
935,785584,"68f09d1439822",4,3,"2025-10-16 07:21:56","received","Sin estado 27","38033"
974,786639,"68f7f3774246f",2,1,"2025-10-21 20:56:23","pending","Sin estado 27","60974|14845"
979,786752,"68f8d35b3c49c",1,1,"2025-10-22 12:51:39","pending","Sin estado 27","70355"
986,786880,"68f942c664185",4,1,"2025-10-22 20:47:02","pending","Sin estado 27","52653|54014|48348|54008"
990,786909,"68f9da0816d02",4,1,"2025-10-23 07:32:24","pending","Sin estado 27","278"
1014,787563,"68ff495c961bd",4,3,"2025-10-27 10:28:44","received","Sin estado 27","65726|13551"
1026,787744,"68fffbdc5bc33",4,1,"2025-10-27 23:10:20","pending","Sin estado 27","65726|43021|43079"
1032,787881,"6900f4b984ba8",4,3,"2025-10-28 16:52:09","received","Sin estado 27","38033"
1033,787883,"6900f58926c86",4,1,"2025-10-28 16:55:37","pending","Sin estado 27","63685"
1051,788148,"6902775132383",3,1,"2025-10-29 20:21:37","pending","Sin estado 27","47537"
1055,788240,"69034b796c8da",4,1,"2025-10-30 11:26:49","pending","Sin estado 27","63680"
1094,789033,"6908f119347ad",4,1,"2025-11-03 18:14:49","pending","Sin estado 27","65726"
1114,789713,"690c8407b9120",3,3,"2025-11-06 11:18:31","received","Sin estado 27","65403"
1130,790152,"6910848ed1454",3,1,"2025-11-09 12:09:50","pending","Sin estado 27","43251"
1151,790636,"6913267409726",4,1,"2025-11-11 12:05:08","pending","Sin estado 27","55434|279|61480"
1167,790926,"691469ae26b78",1,1,"2025-11-12 11:04:14","pending","Sin estado 27","39988"
1224,792489,"691ddbd7c27c0",4,1,"2025-11-19 15:01:43","pending","Sin estado 27","65522"
1236,792806,"692000dadcd42",4,1,"2025-11-21 06:04:10","pending","Sin estado 27","38033"
1248,792992,"6920899a73fbd",4,1,"2025-11-21 15:47:38","pending","Sin estado 27","28821|70718|70717"
1257,793122,"6920d878a98e3",3,1,"2025-11-21 21:24:08","pending","Sin estado 27","64297"
1267,793212,"69218d6892cd7",3,1,"2025-11-22 10:16:08","pending","Sin estado 27","68130"
1277,793383,"69221e0d8a9b9",3,1,"2025-11-22 20:33:17","pending","Sin estado 27","48198"
1315,794406,"692593792afd0",3,1,"2025-11-25 11:31:05","pending","Sin estado 27","69920"
1331,794754,"692626fe02109",4,3,"2025-11-25 22:00:30","received","Sin estado 27","43079|40025"
1341,794927,"6926e019b824b",4,1,"2025-11-26 11:10:17","pending","Sin estado 27","28222|43021|281|282|13550|70092"
1369,795458,"69283b695fbaf",3,1,"2025-11-27 11:52:09","pending","Sin estado 27","60772"
1391,795967,"692966a9c0021",4,1,"2025-11-28 09:08:57","pending","Sin estado 27","51111"
1425,796742,"692a23af24f1e",2,1,"2025-11-28 22:35:27","pending","Sin estado 27","53632|46817"
1479,797438,"692c2fdce3a7a",4,1,"2025-11-30 11:51:56","pending","Sin estado 27","8062"
1517,798006,"692cd5efab907",2,1,"2025-11-30 23:40:31","pending","Sin estado 27","67132|59780|65108"
1536,798229,"692d957fd52c3",1,1,"2025-12-01 13:17:51","pending","Sin estado 27","70355"
1560,798703,"692e29485dfdd",4,1,"2025-12-01 23:48:24","pending","Sin estado 27","51103"
1562,798715,"692e666209d4a",4,1,"2025-12-02 04:09:06","pending","Sin estado 27","51103|51042|2893"
1565,798774,"692ea5ea22ffa",2,1,"2025-12-02 08:40:10","pending","Sin estado 27","46817"
1617,800023,"69343ad714426",1,1,"2025-12-06 14:16:55","pending","Sin estado 27","35338"
1716,802324,"693fbe24da965",4,1,"2025-12-15 07:52:04","pending","Sin estado 27","48099"
1775,803530,"6943e41f2a062",4,1,"2025-12-18 11:23:11","pending","Sin estado 27","63686|282|10771"
1776,803533,"6943e72be0339",4,1,"2025-12-18 11:36:11","pending","Sin estado 27","63686|10771|282"
1973,807184,"69576e090bd19",4,1,"2026-01-02 07:04:41","pending","Sin estado 27","65530|43021"
1980,807280,"6957c179c04b1",4,1,"2026-01-02 13:00:41","pending","Sin estado 27","70555|61480|62395"
2027,808308,"695e44870a50c",4,1,"2026-01-07 11:33:27","pending","Sin estado 27","52211"
2048,808704,"695fc1762b215",4,1,"2026-01-08 14:38:46","pending","Sin estado 27","38028"
1,762586,"6835fc97868c0",1,5,"2025-05-27 17:55:35","pending","Sin productos bloqueados","55315"
2,762594,"6836058980eaf",1,1,"2025-05-27 18:33:45","pending","Sin productos bloqueados","65726|10771"
3,762597,"68360a185ac39",1,1,"2025-05-27 18:53:12","pending","Sin productos bloqueados","48741|13551"
4,762616,"683622d7e765e",1,1,"2025-05-27 20:38:47","pending","Sin productos bloqueados","63685|54012"
5,762627,"683631f152099",1,1,"2025-05-27 21:43:13","pending","Sin productos bloqueados","20507"
6,762634,"68363c6b4bb08",1,5,"2025-05-27 22:27:55","pending","Sin productos bloqueados","54012|38033|97|10771"
7,761445,"6836c4cfdd9a9",4,1,"2025-05-28 08:09:51","pending","Sin productos bloqueados","638"
8,762656,"6836c7e4b1c0c",1,3,"2025-05-28 08:23:00","pending","Sin productos bloqueados","282|43543"
630,777934,"68c3063ce06e2",4,1,"2025-09-11 17:26:20","pending","Sin productos bloqueados","61806"
636,777936,"68c3fc971960e",2,1,"2025-09-12 10:57:27","pending","Sin productos bloqueados","65403"
669,779636,"68c95152315e7",2,1,"2025-09-16 12:00:18","pending","Sin productos bloqueados","63367"
670,779638,"68c962afedf4a",3,1,"2025-09-16 13:14:23","pending","Sin productos bloqueados","55019"
672,779646,"68c983792c4d3",4,1,"2025-09-16 15:34:17","pending","Sin productos bloqueados","16123"
677,779650,"68ca66e24a4e3",4,5,"2025-09-17 07:44:34","approved","Sin productos bloqueados","24427"
678,779651,"68ca68bdd1381",4,3,"2025-09-17 07:52:29","received","Sin productos bloqueados","58453|60482"
683,779660,"68caf38dba165",2,1,"2025-09-17 17:44:45","pending","Sin productos bloqueados","58453"
691,779664,"68cc3a0dbc45b",3,1,"2025-09-18 16:57:49","pending","Sin productos bloqueados","49058|55511|65197"
699,779669,"68cd19aee2a0a",3,3,"2025-09-19 08:51:58","received","Sin productos bloqueados","46502"
700,779670,"68cd1fdd6201e",4,3,"2025-09-19 09:18:21","received","Sin productos bloqueados","70605|67525"
701,779671,"68cd209ccb80f",2,1,"2025-09-19 09:21:32","pending","Sin productos bloqueados","22648|71155|65908|71155"
702,779673,"68cd23f331b0a",2,1,"2025-09-19 09:35:47","pending","Sin productos bloqueados","58453"
703,779678,"68cd2af2e81e8",3,3,"2025-09-19 10:05:38","received","Sin productos bloqueados","9063"
708,779688,"68cd692606067",3,1,"2025-09-19 14:31:02","pending","Sin productos bloqueados","42534|42534|42534"
713,779691,"68cdac07c337a",3,1,"2025-09-19 19:16:23","pending","Sin productos bloqueados","62291"
714,779692,"68cdadfbd0665",2,1,"2025-09-19 19:24:43","pending","Sin productos bloqueados","26047|50004"
715,779693,"68cdaf6feba1f",2,1,"2025-09-19 19:30:55","pending","Sin productos bloqueados","57692"
930,785386,"68efbafad7849",3,1,"2025-10-15 15:17:14","pending","Sin productos bloqueados","44795"
1301,793774,"69242d21bbe6f",1,3,"2025-11-24 10:02:09","received","Sin productos bloqueados","71040|49141|58734|59741|67784|62897|42504|58867"
1596,799251,"69302f68667d1",4,1,"2025-12-03 12:39:04","pending","Sin productos bloqueados","43323|70026|61293|16097|16095"
1598,799252,"69302ff55d560",1,1,"2025-12-03 12:41:25","pending","Sin productos bloqueados","43709"
1600,799253,"6930505d0ae9e",4,1,"2025-12-03 14:59:41","pending","Sin productos bloqueados","41538|64379"
1611,799542,"6932c08b8fa6b",2,1,"2025-12-05 11:22:51","pending","Sin productos bloqueados","46302"
1648,790568,"693841bddbcc2",2,1,"2025-12-09 15:35:25","pending","Sin productos bloqueados","68031"
1650,800539,"693849ac5644d",3,1,"2025-12-09 16:09:16","pending","Sin productos bloqueados","70827"
1660,800540,"69394f39224e4",3,1,"2025-12-10 10:45:13","pending","Sin productos bloqueados","27362"
1720,800548,"693ff5ba47e54",3,1,"2025-12-15 11:49:14","pending","Sin productos bloqueados","54159"
1721,800549,"693ff5ead2956",3,1,"2025-12-15 11:50:02","pending","Sin productos bloqueados","69521|18588"
1732,800550,"6940383801fd0",4,1,"2025-12-15 16:32:56","pending","Sin productos bloqueados","70718|70717"
1760,801576,"6942c560a5263",3,1,"2025-12-17 14:59:44","pending","Sin productos bloqueados","66130"
1966,807083,"6956afee850a4",2,1,"2026-01-01 17:33:34","pending","Sin productos bloqueados","71119"
2031,808213,"695e71236ff46",3,1,"2026-01-07 14:43:47","pending","Sin productos bloqueados","16253"
