Insertar;Código;Descripción;PVP;"Precio PS"
;B310457-1100;"Carrete Mares Cabo Diamond 1mm 100m";49,99;43.99
;;;;
;B115717;"Compás Cressi de Muñeca";45,99;40.99
;;;;
;B310145BL-S;"Máscara Aqualung Reveal Ultrafit (Color - Transparente-Azul, Talla - S)";74,99;65.99
;B310145BL-M;"Máscara Aqualung Reveal Ultrafit (Color - Transparente-Azul, Talla - M)";74,99;65.99
;B310145BL-L;"Máscara Aqualung Reveal Ultrafit (Color - Transparente-Azul, Talla - L)";74,99;65.99
;B310145B-S;"Máscara Aqualung Reveal Ultrafit (Color - Negro-Rojo, Talla - S)";74,99;65.99
;B310145B-M;"Máscara Aqualung Reveal Ultrafit (Color - Negro-Rojo, Talla - M)";74,99;65.99
;B310145B-L;"Máscara Aqualung Reveal Ultrafit (Color - Negro-Rojo, Talla - L)";74,99;65.99
;B310145W-S;"Máscara Aqualung Reveal Ultrafit (Color - Azul, Talla - S)";74,99;65.99
;B310145W-M;"Máscara Aqualung Reveal Ultrafit (Color - Azul, Talla - M)";74,99;65.99
;B310145W-L;"Máscara Aqualung Reveal Ultrafit (Color - Azul, Talla - L)";74,99;65.99
;B310145O-S;"Máscara Aqualung Reveal Ultrafit (Color - Transparente-Naranja, Talla - S)";74,99;65.99
;B310145O-M;"Máscara Aqualung Reveal Ultrafit (Color - Transparente-Naranja, Talla - M)";74,99;65.99
;B310145O-L;"Máscara Aqualung Reveal Ultrafit (Color - Transparente-Naranja, Talla - L)";74,99;65.99
;B310145Y-S;"Máscara Aqualung Reveal Ultrafit (Color - Negro-Amarillo, Talla - S)";74,99;65.99
;B310145Y-M;"Máscara Aqualung Reveal Ultrafit (Color - Negro-Amarillo, Talla - M)";74,99;65.99
;B310145Y-L;"Máscara Aqualung Reveal Ultrafit (Color - Negro-Amarillo, Talla - L)";74,99;65.99
;;;;
;B303471-2PAR;"Mochila Mares Ascent Long Fin";46,99;41.99
;;;;
;B310447-1;"Traje de Buceo Húmedo Mares Horizon 0.5 Unisex (Talla - 1)";139,99;123.99
;B310447-2;"Traje de Buceo Húmedo Mares Horizon 0.5 Unisex (Talla - 2)";139,99;123.99
;B310447-3;"Traje de Buceo Húmedo Mares Horizon 0.5 Unisex (Talla - 3)";139,99;123.99
;B310447-4;"Traje de Buceo Húmedo Mares Horizon 0.5 Unisex (Talla - 4)";139,99;123.99
;B310447-5;"Traje de Buceo Húmedo Mares Horizon 0.5 Unisex (Talla - 5)";139,99;123.99
;B310447-6;"Traje de Buceo Húmedo Mares Horizon 0.5 Unisex (Talla - 6)";139,99;123.99
;;;;
;B105541-XL;"Jacket Cressi Patrol (Talla - XL)";312,99;277.99
;B105541-L;"Jacket Cressi Patrol (Talla - L)";312,99;277.99
;B105541-M;"Jacket Cressi Patrol (Talla - M)";312,99;277.99
;B105541-S;"Jacket Cressi Patrol (Talla - S)";312,99;277.99
;B105541-XS;"Jacket Cressi Patrol (Talla - XS)";312,99;277.99
;;;;
;B310337-CL;"Máscara de Buceo Mares X-Vision (Color - Transparente/Amarillo)";42,99;38.99
;B310337-CW;"Máscara de Buceo Mares X-Vision (Color - Transparente)";42,99;38.99
;B310337-CB;"Máscara de Buceo Mares X-Vision (Color - Transparente/Azul)";42,99;38.99
;B310337-BW;"Máscara de Buceo Mares X-Vision (Color - Negro/Blanco)";42,99;38.99
;B310337-BG;"Máscara de Buceo Mares X-Vision (Color - Negro/Gris)";42,99;38.99
;B310337-BL;"Máscara de Buceo Mares X-Vision (Color - Negro/Lima)";42,99;38.99
;;;;
;B309077-INT;"Regulador Apeks ATX (Salidas - INT)";338,99;305.99
;B309077-DIN;"Regulador Apeks ATX (Salidas - DIN)";338,99;305.99
;;;;
;B105921-XSL;"Chaleco Jacket Scubapro Hydros X Mujer (Talla - L)";848,99;766.99
;B105921-XS;"Chaleco Jacket Scubapro Hydros X Mujer (Talla - XS-S)";848,99;766.99
;B105921-XSM;"Chaleco Jacket Scubapro Hydros X Mujer (Talla - M)";848,99;766.99
;;;;
;B306804-1;"Monopieza Mares Switch 2,5 mm Mujer (Talla - 1, Grosor - 2,5 mm)";187,99;169.99
;B306804-2;"Monopieza Mares Switch 2,5 mm Mujer (Talla - 2, Grosor - 2,5 mm)";187,99;169.99
;B306804-3;"Monopieza Mares Switch 2,5 mm Mujer (Talla - 3, Grosor - 2,5 mm)";187,99;169.99
;B306804-4;"Monopieza Mares Switch 2,5 mm Mujer (Talla - 4, Grosor - 2,5 mm)";187,99;169.99
;B306804-5;"Monopieza Mares Switch 2,5 mm Mujer (Talla - 5, Grosor - 2,5 mm)";187,99;169.99
;B306804-6;"Monopieza Mares Switch 2,5 mm Mujer (Talla - 6, Grosor - 2,5 mm)";187,99;169.99
;;;;
;B306107-3XS;"Traje Húmedo Monopieza Aqualung Aquaflex (Talla - XS, Grosor - 3 mm)";;241.99
;B306107-3S;"Traje Húmedo Monopieza Aqualung Aquaflex (Talla - S, Grosor - 3 mm)";;241.99
;B306107-3M;"Traje Húmedo Monopieza Aqualung Aquaflex (Talla - M, Grosor - 3 mm)";;241.99
;B306107-3ML;"Traje Húmedo Monopieza Aqualung Aquaflex (Talla - ML, Grosor - 3 mm)";;241.99
;B306107-3L;"Traje Húmedo Monopieza Aqualung Aquaflex (Talla - L, Grosor - 3 mm)";231,99;241.99
;B306107-3XL;"Traje Húmedo Monopieza Aqualung Aquaflex (Talla - XL, Grosor - 3 mm)";;241.99
;B306107-32XL;"Traje Húmedo Monopieza Aqualung Aquaflex (Talla - 2XL, Grosor - 3 mm)";;241.99
;B306107-33XL;"Traje Húmedo Monopieza Aqualung Aquaflex (Talla - 3XL, Grosor - 3 mm)";;241.99
;B306107-5XS;"Traje Húmedo Monopieza Aqualung Aquaflex (Talla - XS, Grosor - 5 mm)";;243.99
;B306107-5S;"Traje Húmedo Monopieza Aqualung Aquaflex (Talla - S, Grosor - 5 mm)";;243.99
;B306107-5M;"Traje Húmedo Monopieza Aqualung Aquaflex (Talla - M, Grosor - 5 mm)";;243.99
;B306107-5L;"Traje Húmedo Monopieza Aqualung Aquaflex (Talla - L, Grosor - 5 mm)";;243.99
;B306107-5ML;"Traje Húmedo Monopieza Aqualung Aquaflex (Talla - ML, Grosor - 5 mm)";;243.99
;B306107-5XL;"Traje Húmedo Monopieza Aqualung Aquaflex (Talla - XL, Grosor - 5 mm)";;243.99
;B306107-52XL;"Traje Húmedo Monopieza Aqualung Aquaflex (Talla - 2XL, Grosor - 5 mm)";;243.99
;B306107-53XL;"Traje Húmedo Monopieza Aqualung Aquaflex (Talla - 3XL, Grosor - 5 mm)";;243.99
;B306107-54XL;"Traje Húmedo Monopieza Aqualung Aquaflex (Talla - 4XL, Grosor - 5 mm)";;243.99
;B306107-7S;"Traje Húmedo Monopieza Aqualung Aquaflex (Talla - S, Grosor - 7 mm)";;306.99
;B306107-7M;"Traje Húmedo Monopieza Aqualung Aquaflex (Talla - M, Grosor - 7 mm)";;306.99
;B306107-7ML;"Traje Húmedo Monopieza Aqualung Aquaflex (Talla - ML, Grosor - 7 mm)";;306.99
;B306107-7L;"Traje Húmedo Monopieza Aqualung Aquaflex (Talla - L, Grosor - 7 mm)";337,99;306.99
;B306107-7XL;"Traje Húmedo Monopieza Aqualung Aquaflex (Talla - XL, Grosor - 7 mm)";;306.99
;B306107-5XLS;"Traje Húmedo Monopieza Aqualung Aquaflex (Talla - XLS, Grosor - 5 mm)";;243.99
;B306107-3XLS;"Traje Húmedo Monopieza Aqualung Aquaflex (Talla - XLS, Grosor - 3 mm)";;241.99
;;;;
;;;;
;B130817-36;"Escarpines de Buceo Scubapro Delta Boot (Talla - 2XS (36), Grosor - 5 mm)";;41.99
;B130817-37;"Escarpines de Buceo Scubapro Delta Boot (Talla - XS (37-38), Grosor - 5 mm)";;41.99
;B130817-39;"Escarpines de Buceo Scubapro Delta Boot (Talla - S (39), Grosor - 5 mm)";;41.99
;B130817-40;"Escarpines de Buceo Scubapro Delta Boot (Talla - M (40-41), Grosor - 5 mm)";;42.99
;B130817-42;"Escarpines de Buceo Scubapro Delta Boot (Talla - L (42), Grosor - 5 mm)";;42.99
;B130817-43;"Escarpines de Buceo Scubapro Delta Boot (Talla - XL (43-44), Grosor - 5 mm)";;42.99
;B130817-45;"Escarpines de Buceo Scubapro Delta Boot (Talla - 2XL (45), Grosor - 5 mm)";;42.99
;B130817-46;"Escarpines de Buceo Scubapro Delta Boot (Talla - 3XL (46-47), Grosor - 5 mm)";45,99;42.99
;BW145001-L;"Escarpines de Buceo Scubapro Delta Boot (Talla - L (42), Grosor - 6,5 mm)";;41.99
;;;;
;B165976;"Bolsa Cressi Gorilla Pro 2.0";84,99;77.99
;;;;
;B309145-M;"Capucha Beuchat Focea 5mm (Talla - M)";64,99;59.99
;B309145-XL;"Capucha Beuchat Focea 5mm (Talla - XL)";64,99;59.99
;B309145-L;"Capucha Beuchat Focea 5mm (Talla - L)";64,99;59.99
;B309145-S;"Capucha Beuchat Focea 5mm (Talla - S)";64,99;59.99
;;;;
;B160109;"Cuchillo de buceo Scubapro Titanio SK75";44,99;41.99
;;;;
;B306056-T350;"Foco Intova Tovatec T3500 S";252,99;233.99
;;;;
;B120056-5;"Traje de Buceo Cressi Monopieza Morea Caballero (Talla - XL, Grosor - 3 mm)";118,99;109.99
;;;;
;B165961;"Mochila Cressi Moby 5";172,99;160.99
;;;;
;B306811-LRW;"Foco Mares EOS 10LRW";89,99;83.99
;;;;
;B310364-TLAR;"Boya Mares Hydro Torpedo Large";54,99;51.99
;;;;
;B100690-3XS;"Escarpin Cressi Isla Con Suela (Talla - XS, Grosor - 3 mm)";;32.99
;B100690-3S;"Escarpin Cressi Isla Con Suela (Talla - S, Grosor - 3 mm)";;32.99
;B100690-3M;"Escarpin Cressi Isla Con Suela (Talla - M, Grosor - 3 mm)";;32.99
;B100690-3L;"Escarpin Cressi Isla Con Suela (Talla - L, Grosor - 3 mm)";;32.99
;B100690-3XL;"Escarpin Cressi Isla Con Suela (Talla - XL, Grosor - 3 mm)";;32.99
;B100690-3XXL;"Escarpin Cressi Isla Con Suela (Talla - XXL, Grosor - 3 mm)";;32.99
;B100690-5XS;"Escarpin Cressi Isla Con Suela (Talla - XS, Grosor - 5 mm)";;36.99
;B100690-5S;"Escarpin Cressi Isla Con Suela (Talla - S, Grosor - 5 mm)";;36.99
;B100690-5M;"Escarpin Cressi Isla Con Suela (Talla - M, Grosor - 5 mm)";;36.99
;B100690-5L;"Escarpin Cressi Isla Con Suela (Talla - L, Grosor - 5 mm)";38,99;36.99
;B100690-5XL;"Escarpin Cressi Isla Con Suela (Talla - XL, Grosor - 5 mm)";;36.99
;B100690-5XXL;"Escarpin Cressi Isla Con Suela (Talla - XXL, Grosor - 5 mm)";;36.99
;;;;
;B400054-S;"Capucha Cressi Orust 5 mm (Talla - S)";44,99;42.99
;B400054-M;"Capucha Cressi Orust 5 mm (Talla - M)";44,99;42.99
;B400054-L;"Capucha Cressi Orust 5 mm (Talla - L)";44,99;42.99
;B400054-XL;"Capucha Cressi Orust 5 mm (Talla - XL)";44,99;42.99
;B400054-XXL;"Capucha Cressi Orust 5 mm (Talla - XXL)";44,99;42.99
;;;;
;B120778-2;"Traje de Pesca Submarina Cressi Apnea (Talla - 2, Grosor - 7 mm)";;174.99
;B120778-3;"Traje de Pesca Submarina Cressi Apnea (Talla - 3, Grosor - 7 mm)";;174.99
;B120778-4;"Traje de Pesca Submarina Cressi Apnea (Talla - 4, Grosor - 7 mm)";;174.99
;B120777-3;"Traje de Pesca Submarina Cressi Apnea (Talla - 3, Grosor - 5 mm)";;176.99
;B120777-4;"Traje de Pesca Submarina Cressi Apnea (Talla - 4, Grosor - 5 mm)";;176.99
;B120777-5;"Traje de Pesca Submarina Cressi Apnea (Talla - 5, Grosor - 5 mm)";187,99;176.99
;B120777-6;"Traje de Pesca Submarina Cressi Apnea (Talla - 6, Grosor - 5 mm)";;176.99
;B120776-2;"Traje de Pesca Submarina Cressi Apnea (Talla - 2, Grosor - 3,5 mm)";;174.99
;;;;
;B103880-XS;"Monopieza Scubapro Sport-5 Gen.2 Mujer (Talla - XS, Grosor - 5 mm)";222,99;209.99
;B103880-S;"Monopieza Scubapro Sport-5 Gen.2 Mujer (Talla - S, Grosor - 5 mm)";222,99;209.99
;B103880-M;"Monopieza Scubapro Sport-5 Gen.2 Mujer (Talla - M, Grosor - 5 mm)";222,99;209.99
;B103880-L;"Monopieza Scubapro Sport-5 Gen.2 Mujer (Talla - L, Grosor - 5 mm)";222,99;209.99
;B103880-XL;"Monopieza Scubapro Sport-5 Gen.2 Mujer (Talla - XL, Grosor - 5 mm)";222,99;209.99
;;;;
;B312040C-AZU;"Poncho Albornoz Cressi Jedi (Color - Azul)";37,99;36.99
;B312040C-NEG;"Poncho Albornoz Cressi Jedi (Color - Negro)";37,99;36.99
;;;;
;B400050-A;"Combo Mares Máscara Tubo Wahoo Neon";38,99;37.99
;;;;
;B303274-G;"Foco Apeks Luna 2000 L";522,99;499.99
;;;;
;B307003-A;"Ordenador de Buceo Cressi Digi";153,99;147.99
;;;;
;B103981;"Emisor Scubapro Smart Plus";260,99;249.99
;;;;
;B309437-XSS;"Jacket Aqualung Axiom Mujer (Talla - XS-S)";569,99;545.99
;B309437-M;"Jacket Aqualung Axiom Mujer (Talla - M)";569,99;545.99
;B309437-ML;"Jacket Aqualung Axiom Mujer (Talla - M-L)";569,99;545.99
;B309437-2XS;"Jacket Aqualung Axiom Mujer (Talla - 2XS)";569,99;545.99
;;;;
;B125685T-AZ;"Máscara de buceo Cressi Nano Crystal (Color - Azul-Transparente)";45,99;44.99
;B125685T-RO;"Máscara de buceo Cressi Nano Crystal (Color - Transparente-Rosa)";;44.99
;;;;
;B400750-A;"Poncho Albornoz Mares Ascent Azul";45,99;44.99
;;;;
;B306794B-S;"Jacket Mares Prestige (Color - Azul, Talla - S)";326,99;314.99
;B306794B-M;"Jacket Mares Prestige (Color - Azul, Talla - M)";;314.99
;;;;
;B103979;"Arnés Scubapro S-Tek Pro Placa Dorsal (Material - Aluminio Anodizado)";413,99;399.99
;B103978;"Arnés Scubapro S-Tek Pro Placa Dorsal (Material - Acero inoxidable)";413,99;399.99
;;;;
;B306803-2;"Monopieza Mares Switch 2,5 mm (Talla - 2, Grosor - 2,5 mm)";;150.99
;B306803-3;"Monopieza Mares Switch 2,5 mm (Talla - 3, Grosor - 2,5 mm)";;150.99
;B306803-4;"Monopieza Mares Switch 2,5 mm (Talla - 4, Grosor - 2,5 mm)";154,99;150.99
;B306803-5;"Monopieza Mares Switch 2,5 mm (Talla - 5, Grosor - 2,5 mm)";;152.99
;B306803-6;"Monopieza Mares Switch 2,5 mm (Talla - 6, Grosor - 2,5 mm)";;150.99
;B306803-7;"Monopieza Mares Switch 2,5 mm (Talla - 7, Grosor - 2,5 mm)";;150.99
;B306803-8;"Monopieza Mares Switch 2,5 mm (Talla - 8, Grosor - 2,5 mm)";;150.99
;;;;
;B105920-SL;"Chaleco Jacket Scubapro Hydros X Hombre (Talla - L)";809,99;789.99
;B105920-SXXL;"Chaleco Jacket Scubapro Hydros X Hombre (Talla - 2XL)";;789.99
;B105920-S;"Chaleco Jacket Scubapro Hydros X Hombre (Talla - S)";;789.99
;B105920-M;"Chaleco Jacket Scubapro Hydros X Hombre (Talla - M)";809,99;789.99
;;;;
;;;;
;B100631;"Octopus Cressi XS Compact";77,99;76.99
;;;;
;;;;
;B306400-DIN;"Pack Regulador Aqualung Helix + Octopus (Salidas - DIN)";398,99;394.99
;B306400-INT;"Pack Regulador Aqualung Helix + Octopus (Salidas - INT)";398,99;394.99
;;;;
;B100739;"Regulador Apeks MTX-R";639,99;640.5
;;;;
;B307305-3536;"Kit Cressi Agua (Aletas + Máscara + Tubo) (Talla - 35-36)";46,99;47.99
;B307305-3738;"Kit Cressi Agua (Aletas + Máscara + Tubo) (Talla - 37-38)";46,99;47.99
;B307305-3940;"Kit Cressi Agua (Aletas + Máscara + Tubo) (Talla - 39-40)";46,99;47.99
;B307305-4142;"Kit Cressi Agua (Aletas + Máscara + Tubo) (Talla - 41-42)";46,99;47.99
;B307305-4344;"Kit Cressi Agua (Aletas + Máscara + Tubo) (Talla - 43-44)";46,99;47.99
;B307305-4546;"Kit Cressi Agua (Aletas + Máscara + Tubo) (Talla - 45-46)";46,99;47.99
;;;;
;B307034-40;"Fusil de Pesca Submarina Cressi SL Star (Tamaño - 40 cm)";114,99;116.99
;B307034-90;"Fusil de Pesca Submarina Cressi SL Star (Tamaño - 90 cm)";;129.99
;B307034-55;"Fusil de Pesca Submarina Cressi SL Star (Tamaño - 55 cm)";114,99;115.99
;;;;
;B160515;"Cuchillo De Buceo Mares Force Plus";41,99;42.99
;;;;
;B306446-10;"Linterna Mares Eos 10LRZ";160,99;163.99
;;;;
;B104025-1;"Máscara Scubapro Synergy 2 (Color - Azul)";;78.99
;B104025-2;"Máscara Scubapro Synergy 2 (Color - Negro)";;79.99
;B104033;"Máscara Scubapro Synergy 2 (Color - Amarillo)";78,99;80.5
;;;;
;;;;
;B309202-BLUE;"Máscara Aqualung Teknika (Color - Azul)";47,99;48.99
;B309202-WHIT;"Máscara Aqualung Teknika (Color - Blanco)";47,99;48.99
;B309202-PETR;"Máscara Aqualung Teknika (Color - Blanco/Azul)";47,99;48.99
;B309202-BLAC;"Máscara Aqualung Teknika (Color - Negro)";47,99;48.99
;;;;
;B1206712;"Chaleco Interior Cressi Black Lite Mujer (Talla - 2, Grosor - 3,5 mm)";46,99;48.99
;B1206713;"Chaleco Interior Cressi Black Lite Mujer (Talla - 3, Grosor - 3,5 mm)";;48.99
;B1206711;"Chaleco Interior Cressi Black Lite Mujer (Talla - 1, Grosor - 3,5 mm)";;48.99
;;;;
;B120193-M;"Traje de Buceo Semiseco Scubapro Nova Scotia 7.5 mm Señora (Talla - M, Grosor - 7,5 mm)";586,99;599.99
;B120193-L;"Traje de Buceo Semiseco Scubapro Nova Scotia 7.5 mm Señora (Talla - L, Grosor - 7,5 mm)";;599.99
;;;;
;B310407-3;"Escarpines Mares Classic NG 5 mm (Talla - 3)";40,99;41.99
;B310407-4;"Escarpines Mares Classic NG 5 mm (Talla - 4)";40,99;41.99
;B310407-5;"Escarpines Mares Classic NG 5 mm (Talla - 5)";40,99;41.99
;B310407-6;"Escarpines Mares Classic NG 5 mm (Talla - 6)";40,99;41.99
;B310407-7;"Escarpines Mares Classic NG 5 mm (Talla - 7)";40,99;41.99
;B310407-8;"Escarpines Mares Classic NG 5 mm (Talla - 8)";40,99;41.99
;B310407-9;"Escarpines Mares Classic NG 5 mm (Talla - 9)";40,99;41.99
;B310407-10;"Escarpines Mares Classic NG 5 mm (Talla - 10)";40,99;41.99
;B310407-11;"Escarpines Mares Classic NG 5 mm (Talla - 11)";40,99;41.99
;B310407-12;"Escarpines Mares Classic NG 5 mm (Talla - 12)";40,99;41.99
;B310407-13;"Escarpines Mares Classic NG 5 mm (Talla - 13)";40,99;41.99
;;;;
;B307293-XS;"Shorty Cressi Playa 2,5 mm Mujer (Talla - XS)";;68.99
;B307293-S;"Shorty Cressi Playa 2,5 mm Mujer (Talla - S)";;68.99
;B307293-M;"Shorty Cressi Playa 2,5 mm Mujer (Talla - M)";65,99;68.99
;B307293-L;"Shorty Cressi Playa 2,5 mm Mujer (Talla - L)";;68.99
;B307293-XL;"Shorty Cressi Playa 2,5 mm Mujer (Talla - XL)";;65.99
;;;;
;B125801RO;"Máscara De Buceo Scubapro Spectra Mini (Color - Rosa)";64,99;68
;;;;
;;;;
;B120192-L;"Traje Semiseco Scubapro Nova Scotia 7.5 mm Hombre (Talla - L, Grosor - 7,5 mm)";572,99;599.99
;B120192-XL;"Traje Semiseco Scubapro Nova Scotia 7.5 mm Hombre (Talla - XL, Grosor - 7,5 mm)";;599.99
;B120192-XLS;"Traje Semiseco Scubapro Nova Scotia 7.5 mm Hombre (Talla - XLS, Grosor - 7,5 mm)";;545.99
;;;;
;B170211;"Avisador Acústico Mares Magnético";41,99;44.99
;;;;
;B120057-1;"Traje de Buceo Cressi Monopieza Morea Señora (Talla - XS, Grosor - 3 mm)";;129.99
;B120057-2;"Traje de Buceo Cressi Monopieza Morea Señora (Talla - S, Grosor - 3 mm)";121,99;129.99
;B120057-3;"Traje de Buceo Cressi Monopieza Morea Señora (Talla - M, Grosor - 3 mm)";;129.99
;B120057-4;"Traje de Buceo Cressi Monopieza Morea Señora (Talla - L, Grosor - 3 mm)";;129.99
;;;;
;B307448-DECO;"Paracaídas de Parada Beuchat";31,99;34.99
;;;;
;B307390-DN;"Máscara Cressi Action (Color - Negro)";;48.99
;B307390-TT;"Máscara Cressi Action (Color - Transparente)";44,99;48.99
;;;;
;B310421-1C;"Brújula Compás de Pulsera Mission 1C";72,99;79.99
;;;;
;B400745-N;"Compás Mares Pro+Bungee - XR Line";79,99;87.99
;;;;
;B400091-3;"Trolley Cressi Moby 3";133,99;152.5
;;;;
;B306834-TI;"Cuchillo de Buceo Mares Argo Titanium";49,99;57.99
;;;;
;B306808-BKYB;"Máscara Mares Chrome Up (Color - Amarillo)";;69.99
;B306808-WHAC;"Máscara Mares Chrome Up (Color - Blanco)";;69.99
;B306808-WHKB;"Máscara Mares Chrome Up (Color - Verde)";;59.99
;B306808-BLWC;"Máscara Mares Chrome Up (Color - Azul)";60,99;69.99
;;;;
;B125051N;"Máscara de buceo Beuchat Maxlux (Color - Negro, Modelo - Maxlux)";45,99;52.99
;B125052A;"Máscara de buceo Beuchat Maxlux (Color - Azul, Modelo - Maxlux Small)";;52.99
;B125052N;"Máscara de buceo Beuchat Maxlux (Color - Negro, Modelo - Maxlux Small)";;52.99
;;;;
;B310364-SPHE;"Boya Mares Hydro Sphere";31,99;37.99
;;;;
;B310364-TORP;"Boya Mares Hydro Torpedo";37,99;44.99
;;;;
;B103967;"Foco SeaLife Sea Dragon 3000 Auto";458,99;559
;;;;
;B103961;"Foco de Inmersión SeaLife Sea Dragon 3000 F con Pletina";458,99;569.99
;;;;
;BW115016;"Sirena Subacuática Scubapro Dive Alert Plus V2";114,99;116.99
;;;;
;B307073-DNEG;"Máscara Cressi Mínima";39,99;31.99
;;;;
;B104014;"Cuchillo Scubapro Mako Titanio";109,99;88.5
;;;;
;B306948-S;"Capucha Mares Ultraskin Long Hood (Talla - S)";39,99;36.99
;B306948-XS;"Capucha Mares Ultraskin Long Hood (Talla - XS)";39,99;36.99
;B306948-XL;"Capucha Mares Ultraskin Long Hood (Talla - XL)";39,99;36.99
;B306948-L;"Capucha Mares Ultraskin Long Hood (Talla - L)";39,99;36.99
;B306948-M;"Capucha Mares Ultraskin Long Hood (Talla - M)";39,99;36.99
;B306948-3XL;"Capucha Mares Ultraskin Long Hood (Talla - 3XL)";39,99;36.99
;B306948-2XL;"Capucha Mares Ultraskin Long Hood (Talla - 2XL)";39,99;36.99
;;;;
;B125685N-N;"Máscara Cressi Nano (Color - Negro-Negro)";45,99;39.99
;;;;
;B306751-Y;"Ordenador Aqualung i100 (Color - Amarillo)";212,99;181.99
;B306751B2;"Ordenador Aqualung i100 (Color - Azul)";212,99;181.99
;;;;
;B307297-S;"Jacket Cressi Travelight 2.0 Mujer (Talla - S)";394,99;343.99
;B307297-M;"Jacket Cressi Travelight 2.0 Mujer (Talla - M)";394,99;343.99
;B307297-XS;"Jacket Cressi Travelight 2.0 Mujer (Talla - XS)";394,99;343.99
;;;;
;B307059-XL;"Chaleco Jacket Scubapro Go con Hinchador Compensado (Talla - XL)";399,99;348.99
;B307059-XS;"Chaleco Jacket Scubapro Go con Hinchador Compensado (Talla - XS)";399,99;348.99
;B307059-S;"Chaleco Jacket Scubapro Go con Hinchador Compensado (Talla - S)";399,99;348.99
;B307059-M;"Chaleco Jacket Scubapro Go con Hinchador Compensado (Talla - M)";399,99;348.99
;B307059-L;"Chaleco Jacket Scubapro Go con Hinchador Compensado (Talla - L)";399,99;348.99
;;;;
;B310255-BKSI;"Ordenador Mares Smart Air (Color - Gris)";293,99;254.99
;;;;
;B306798-4;"Monopieza Mares Pioneer 5mm Mujer (Color - Negro, Talla - 4, Grosor - 5 mm)";199,99;184.99
;;;;
;B303830-M;"Jacket de Buceo Scubapro Hydros Pro Mujer (Color - Blanco, Talla - M)";799,99;748.99
;;;;
;B306802-1;"Monopieza Mares Reef 3mm Mujer (Color - Negro, Talla - 1, Grosor - 3 mm)";135,99;115.99
;B306802-2;"Monopieza Mares Reef 3mm Mujer (Color - Negro, Talla - 2, Grosor - 3 mm)";135,99;115.99
;B306802-3;"Monopieza Mares Reef 3mm Mujer (Color - Negro, Talla - 3, Grosor - 3 mm)";135,99;115.99
;B306802-4;"Monopieza Mares Reef 3mm Mujer (Color - Negro, Talla - 4, Grosor - 3 mm)";135,99;115.99
;B306802-5;"Monopieza Mares Reef 3mm Mujer (Color - Negro, Talla - 5, Grosor - 3 mm)";135,99;115.99
;B306802-6;"Monopieza Mares Reef 3mm Mujer (Color - Negro, Talla - 6, Grosor - 3 mm)";135,99;115.99
;;;;
;B307296-XS;"Jacket Cressi Travelight 2.0 Hombre (Talla - XS)";326,99;321.5
;B307296-S;"Jacket Cressi Travelight 2.0 Hombre (Talla - S)";326,99;321.5
;B307296-M;"Jacket Cressi Travelight 2.0 Hombre (Talla - M)";326,99;321.5
;B307296-L;"Jacket Cressi Travelight 2.0 Hombre (Talla - L)";326,99;321.5
;B307296-XL;"Jacket Cressi Travelight 2.0 Hombre (Talla - XL)";326,99;321.5
;;;;
;B400176-I;"Pack Regulador Apeks MTX-RC + Octopus (Salidas - INT)";814,99;818.99
;B400176-D;"Pack Regulador Apeks MTX-RC + Octopus (Salidas - DIN)";814,99;818.99
;;;;
;B103908;"Pack Reguladores Scubapro MK2 EVO/ R095";262,99;269.99
;;;;
;;;;
;B103966;"Foco SeaLife Sea Dragon 2000 F";322,99;348.99
;;;;
