"Store ID";"active";"name";"address1";"address2";"postcode";"state";"city";"country";"latitude";"longitude";"phone";"fax";"email";"note";"hours";"image"
"";"1";"I.A.E. DE A CORUÑA";"C/MEDICO DEVESA NUÑEZ, 3";"";"";"353";"CORUÑA (A)";"6";"43.3465493";"-84169106";"981167800";"";"";"1";"";""
"";"1";"I.A.E. DE ALBACETE";"AV. RAMON Y CAJAL, 33";"";"";"355";"ALBACETE";"6";"38.9997797";"-18608119";"967192257";"";"";"1";"";""
"";"1";"I.A.E. DE ALGECIRAS";"CTRA. CADIZ-MALAGA, KM 106";"";"";"365";"ALGECIRAS";"6";"36.141659";"-54606968";"956587212";"";"";"1";"";""
"";"1";"I.A.E. DE ALICANTE";"C/SAN VICENTE, 52";"";"";"356";"ALICANTE";"6";"38.3508972";"-0.4868668";"965145660";"";"";"1";"";""
"";"1";"I.A.E. DE ALMERIA";"GLORIETA MANUEL FRAGA IRIBARNE S/N";"";"";"357";"ALMERIA";"6";"36.8353927";"-24591458";"950256122";"";"";"1";"";""
"";"1";"I.A.E. DE AVILA";"CARRETERA DE EL ESPINAR, 2";"";"";"359";"AVILA";"6";"40.6570819";"-46830069";"920224400";"";"";"1";"";""
"";"1";"I.A.E. DE BADAJOZ";"C/ JUAN A. CANSINOS RIOBOO, 2";"";"";"360";"BADAJOZ";"6";"38.8773834";"-69786189";"924205750";"";"";"1";"";""
"";"1";"I.A.E. DE BARCELONA (S.ANDRES B.)";"CAMI VELL DEL PALAU, S/N";"";"";"362";"SANT ANDREU DE LA BARCA";"6";"41.4556798";"19580394";"936823030";"";"";"1";"";""
"";"1";"I.A.E. DE BILBAO";"PLAZA LA SALVE, 10";"";"";"400";"BILBAO";"6";"43.2696669";"-2931973";"944253400";"";"";"1";"";""
"";"1";"I.A.E. DE BURGOS";"GLORIETA LOGROÑO, 3-BJ";"";"";"363";"BURGOS";"6";"42.3488039";"-36788587";"947244665";"";"";"1";"";""
"";"1";"I.A.E. DE CACERES";"AVDA. DE LA UNIVERSIDAD, 50";"";"10003";"364";"CÁCERES";"6";"39.4780948";"-63540268";"927628150";"";"";"1";"";""
"";"1";"I.A.E. DE CADIZ";"AVENIDA DE LA INDEPENDENCIA Nº1";"";"";"365";"CADIZ";"6";"36.5226981";"-62829055";"956292549";"";"";"1";"";""
"";"1";"I.A.E. DE CASTELLON DE LA PLANA";"C/BENICARLO, 21-D";"";"";"367";"CASTELLON DE LA PLANA";"6";"39.9876054";"-0.0338569";"964224600";"";"";"1";"";""
"";"1";"I.A.E. DE CEUTA";"AVDA. OTERO, 19";"";"";"403";"CEUTA";"242";"35.8854124";"-53316361";"956502760";"";"";"1";"";""
"";"1";"I.A.E. DE CIUDAD REAL";"C/PEDRERA BAJA, 25";"";"";"368";"CIUDAD REAL";"6";"38.9925515";"-39315577";"926271170";"";"";"1";"";""
"";"1";"I.A.E. DE CORDOBA";"AVDA. MEDINA AZAHARA, 2";"";"";"369";"CORDOBA";"6";"37.8852843";"-47896305";"957414111";"";"";"1";"";""
"";"1";"I.A.E. DE CORIA";"C/ ALFONSO VII, 62";"";"10800";"364";"CORIA";"6";"39.9918172";"-6538572";"927500013";"";"";"1";"";""
"";"1";"I.A.E. DE CUENCA";"C/ DE LA GUARDIA CIVIL, 15";"";"";"370";"CUENCA";"6";"40.0612894";"-21439139";"969220500";"";"";"1";"";""
"";"1";"I.A.E. DE EIBAR";"C/ EGUIGUREN TARREN, Nº 3-5";"";"20600";"374";"EIBAR";"6";"43.1825727";"-24768378";"943202125";"";"";"1";"";""
"";"1";"I.A.E. DE GIJON";"C/IRENE FERNANDEZ PERERA, S/N";"";"";"358";"GIJON";"6";"43.5182157";"-56690029";"985991176";"";"";"1";"";""
"";"1";"I.A.E. DE GIRONA";"C/EMILIO GRAHIT, 52";"";"";"371";"GIRONA";"6";"41.9736066";"28239943";"972208650";"";"";"1";"";""
"";"1";"I.A.E. DE GRANADA";"C/ PEDRO MACHUCA 4-6";"";"";"372";"GRANADA";"6";"37.2033131";"-36075731";"958185922";"";"";"1";"";""
"";"1";"I.A.E. DE GUADALAJARA";"AVDA. CASTILLA, 9";"";"";"373";"GUADALAJARA";"6";"40.6264611";"-31705457";"949247979";"";"";"1";"";""
"";"1";"I.A.E. DE GUADALUPE";"C/ FEDERICO GONZALEZ, 25";"";"10140";"364";"GUADALUPE";"6";"39.4498913";"-53253688";"927367010";"";"";"1";"";""
"";"1";"I.A.E. DE GUIPUZCOA";"PASEO BARATZATEGI, 60 BAJO";"";"";"374";"DONOSTIA-SAN SEBASTIAN";"6";"43.3134203";"-19501739";"943275450";"";"";"1";"";""
"";"1";"I.A.E. DE HUELVA";"C/ GUADALCANAL, 1";"";"";"375";"HUELVA";"6";"37.2659804";"-69538638";"959241900";"";"";"1";"";""
"";"1";"I.A.E. DE HUESCA";"AVDª MARTINEZ DE VELASCO, 83";"";"";"376";"HUESCA";"6";"42.1275861";"-0.4269969";"974215548";"";"";"1";"";""
"";"1";"I.A.E. DE IRÚN";"C/ ARTURO CAMPION, Nº 10, BAJO";"";"20303";"374";"IRÚN";"6";"43.3360313";"-18039744";"943633019";"";"";"1";"";""
"";"1";"I.A.E. DE JAEN";"AVDA. EJERCITO ESPAÑOL, 10";"";"";"377";"JAEN";"6";"37.7744492";"-37935935";"953276967";"";"";"1";"";""
"";"1";"I.A.E. DE LA ZONA DE MADRID";"C/ BATALLA DEL SALADO, 32";"";"28045";"383";"MADRID";"6";"40.3990769";"-36986647";"915146900, EXT: 6546913 / 6544045 / 6544046";"";"";"1";"";""
"";"1";"I.A.E. DE LAS PALMAS DE GRAN CANARIA";"C/ALICANTE, 7-9";"";"";"379";"PALMAS DE GRAN CANARIA (LAS)";"243";"28.0884531";"-154181722";"928320400";"";"";"1";"";""
"";"1";"I.A.E. DE LEON";"AVDA. FERNANDEZ LADREDA, 65";"";"";"380";"LEON";"6";"42.5860498";"-55719786";"987344276";"";"";"1";"";""
"";"1";"I.A.E. DE LLEIDA";"C/ LIBERTAD, 3";"";"";"381";"LLEIDA";"6";"41.6241008";"0.621446";"973249008";"";"";"1";"";""
"";"1";"I.A.E. DE LOGROÑO";"C/DUQUES DE NAJERA, 131-147";"";"";"378";"LOGROÑO";"6";"42.4625614";"-24645";"941289914";"";"";"1";"";""
"";"1";"I.A.E. DE LUGO";"PLAZA DE BRETAÑA, 1";"";"";"382";"LUGO";"6";"43.0064995";"-75560681";"982221311";"";"";"1";"";""
"";"1";"I.A.E. DE MADRID (TRES CANTOS)";"C/SECTOR ESCULTORES, 10";"";"";"383";"TRES CANTOS";"6";"40.613922";"-37145161";"915146989";"";"";"1";"";""
"";"1";"I.A.E. DE MALAGA";"C/ ARROYO LOS ANGELES, 44";"";"";"384";"MALAGA";"6";"36.7284984";"-44327393";"952071520";"";"";"1";"";""
"";"1";"I.A.E. DE MELILLA";"PLAZA MARTIN DE CORDOBA, NUM. 7";"";"";"404";"MELILLA";"242";"35.289901";"-29505386";"952696033";"";"";"1";"";""
"";"1";"I.A.E. DE MURCIA";"PLAZA INOCENCIO MEDINA VERA, 5";"";"";"385";"MURCIA";"6";"37.9958325";"-11288115";"968271262";"";"";"1";"";""
"";"1";"I.A.E. DE NAVALMORAL DE LA MATA";"CTRA. JARANDILLA, 4";"";"10300";"364";"NAVALMORAL DE LA MATA";"6";"39.8946803";"-55443575";"927531095";"";"";"1";"";""
"";"1";"I.A.E. DE OÑATE";"AVDA. UNIVERSIDAD VASCA, Nº 11";"";"20560";"374";"OÑATE";"6";"43.0341885";"-24869908";"943781269";"";"";"1";"";""
"";"1";"I.A.E. DE ORDICIA";"C/ AGARRE BIDEA, S/N";"";"20240";"374";"ORDICIA";"6";"43.0513412";"-21879257";"943880163";"";"";"1";"";""
"";"1";"I.A.E. DE OURENSE";"C/ BIEITO AMADO, 17";"";"";"387";"OURENSE";"6";"42.3274228";"-78474562";"988235353";"";"";"1";"";""
"";"1";"I.A.E. DE OVIEDO";"CARRETERA DEL RUBIN, 1";"";"";"358";"OVIEDO";"6";"43.3709631";"-58260168";"985119000";"";"";"1";"";""
"";"1";"I.A.E. DE PALENCIA";"AVDA. DE CUBA, 1";"";"";"388";"PALENCIA";"6";"42.0122453";"-45266124";"979165243";"";"";"1";"";""
"";"1";"I.A.E. DE PALMA DE MALLORCA";"C/ MANUEL AZAÑA, 10";"";"";"361";"PALMA DE MALLORCA";"244";"39.5704628";"26628062";"971774260";"";"";"1";"";""
"";"1";"I.A.E. DE PAMPLONA";"C/ GALICIA, 2";"";"";"386";"PAMPLONA";"6";"42.8092756";"-16450551";"948296863";"";"";"1";"";""
"";"1";"I.A.E. DE PLASENCIA";"AVDA. JUAN CARLOS I, 1";"";"10600";"364";"PLASENCIA";"6";"40.0334833";"-60889773";"927412308";"";"";"1";"";""
"";"1";"I.A.E. DE PONTEVEDRA";"AVD. DOMINGO FONTAN, 6- POIO";"";"";"389";"PONTEVEDRA";"6";"42.4363485";"-8653926";"986807900";"";"";"1";"";""
"";"1";"I.A.E. DE SALAMANCA";"AVDA. CARLOS I, 2";"";"";"390";"SALAMANCA";"6";"40.9494072";"-56716764";"923127228";"";"";"1";"";""
"";"1";"I.A.E. DE SANTA CRUZ DE TENERIFE";"C/CONDE DE PALLASAR, 3";"";"";"391";"SANTA CRUZ DE TENERIFE";"243";"28.4561154";"-16288303";"922648500";"";"";"1";"";""
"";"1";"I.A.E. DE SANTANDER";"C/ CAMPOGIRO, 90";"";"";"366";"SANTANDER";"6";"43.4528581";"-3849939";"942321400";"";"";"1";"";""
"";"1";"I.A.E. DE SEGOVIA";"CTRA. SAN RAFAEL, 1";"";"";"392";"SEGOVIA";"6";"40.9362068";"-41142562";"921426363";"";"";"1";"";""
"";"1";"I.A.E. DE SEVILLA";"C/ VILLANUEVA DEL PITAMO, S/N";"";"";"393";"SEVILLA";"6";"37.3459778";"-59518768";"954939713";"";"";"1";"";""
"";"1";"I.A.E. DE SORIA";"C/ EDUARDO SAAVEDRA, 6";"";"";"394";"SORIA";"6";"41.7653653";"-24812532";"975239428";"";"";"1";"";""
"";"1";"I.A.E. DE TARRAGONA";"C/ MARIA AURELIA CAPMANY S/N";"";"";"395";"TARRAGONA";"6";"41.1250882";"12330539";"977237777";"";"";"1";"";""
"";"1";"I.A.E. DE TERUEL";"PLAZA GUARDIA CIVIL, 1";"";"";"396";"TERUEL";"6";"40.3314909";"-10960012";"978601300";"";"";"1";"";""
"";"1";"I.A.E. DE TOLEDO";"AVDA. BARBER, 42";"";"";"397";"TOLEDO";"6";"39.8722096";"-40405817";"925225900";"";"";"1";"";""
"";"1";"I.A.E. DE TOLOSA";"C/ GARMENDIOLA ALDAPA, Nº 1";"";"20400";"374";"TOLOSA";"6";"43.1301006";"-20809236";"943673292";"";"";"1";"";""
"";"1";"I.A.E. DE TRUJILLO";"C/ DEL CUARTEL Nº 4";"";"10200";"364";"TRUJILLO";"6";"39.4514436";"-58833144";"927321004";"";"";"1";"";""
"";"1";"I.A.E. DE VALENCIA";"C/CALAMOCHA, 4";"";"";"398";"VALENCIA";"6";"39.4625166";"-0.3908049";"963174660";"";"";"1";"";""
"";"1";"I.A.E. DE VALENCIA DE ALCÁNTARA";"C/ PARQUE DE ESPAÑA, S/N";"";"10500";"364";"VALENCIA DE ALCÁNTARA";"6";"39.4096755";"-72499679";"927580721";"";"";"1";"";""
"";"1";"I.A.E. DE VALLADOLID";"AVDA. SORIA, 3";"";"";"399";"VALLADOLID";"6";"41.6410526";"-47125607";"983296666";"";"";"1";"";""
"";"1";"I.A.E. DE VITORIA";"C/SANSOMENDI, 4";"";"";"354";"VITORIA-GASTEIZ";"6";"42.8545153";"-27002418";"945214309";"";"";"1";"";""
"";"1";"I.A.E. DE ZAMORA";"C/FRAY TORIBIO DE MOTOLINIA, 1";"";"";"401";"ZAMORA";"6";"41.509479";"-57463956";"980557741";"";"";"1";"";""
"";"1";"I.A.E. DE ZARAGOZA";"C/RIGLOS,  2 DUPLICADO";"";"";"402";"ZARAGOZA";"6";"41.626817";"-0.9127848";"976550986";"";"";"1";"";""
"";"1";"I.A.E. DE ZARAUTZ";"C/ ARABA, Nº 52 1º B";"";"20800";"374";"ZARAUTZ";"6";"43.1866581";"-21935854";"943894369";"";"";"1";"";""
